{
  "id": "python",
  "version": "0.2.3",
  "description": "Python support for gauge",
  "run": {
    "windows": [
      "start.bat",
      "--start"
    ],
    "linux": [
      "./start.sh",
      "--start"
    ],
    "darwin": [
      "./start.sh",
      "--start"
    ]
  },
  "init": {
    "windows": [
      "start.bat",
      "--init"
    ],
    "linux": [
      "./start.sh",
      "--init"
    ],
    "darwin": [
      "./start.sh",
      "--init"
    ]
  },
  "gaugeVersionSupport": {
    "minimum": "0.8.0",
    "maximum": ""
  }
}
